metric,value
FAD,13.416687338490133
MCD_Mean,26.32450920105846
MCD_Std,2.6260642564944363
Penalty,0.021038446061201713
